id,timestamp,stock,area
AT-92001-19036/1,2017-01-01,485.0,2462265
AT-92001-18420/1,2017-01-01,790.9,1385526
AT-92001-19131,2017-01-01,416.0,1375463
AT-92001-19220/1,2017-01-01,293.7,1270480
AT-92001-19140,2017-01-01,352.8,1266899
AT-92001-19160/1,2017-01-01,439.6,1127235
AT-92001-19122/1,2017-01-01,432.8,1063083
AT-92001-19143,2017-01-01,285.3,1059363
AT-92001-19228,2017-01-01,382.8,767372
AT-92001-19211,2017-01-01,321.6,716751
AT-92001-19187,2017-01-01,353.9,714629
AT-92001-19236,2017-01-01,534.7,708749
AT-92001-19166,2017-01-01,398.7,678967
AT-92001-18789/1,2017-01-01,362.7,661558
AT-92001-19028/1,2017-01-01,371.3,605672
AT-92001-19123/1,2017-01-01,373.9,573518
AT-92001-19224,2017-01-01,254.6,572719
AT-92001-19222,2017-01-01,322.1,570300
AT-92001-19253,2017-01-01,357.2,519729
AT-92001-19203/1,2017-01-01,443.8,496767
AT-92001-17368/1,2017-01-01,652.2,488569
AT-92001-18408/1,2017-01-01,651.3,480678
AT-92001-19153/1,2017-01-01,389.4,473072
AT-92001-19027/1,2017-01-01,293.1,431760
AT-92001-19200/1,2017-01-01,462.2,418954
AT-92001-19198,2017-01-01,562.5,401089
AT-92001-19193,2017-01-01,510.1,400198
AT-92001-19239,2017-01-01,342.4,393601
AT-92001-20103/1,2017-01-01,283.6,380845
AT-92001-18415,2017-01-01,858.5,371364
AT-92001-19208,2017-01-01,485.6,359489
AT-92001-19021,2017-01-01,302.6,358819
AT-92001-20500,2017-01-01,463.3,351319
AT-92001-19145,2017-01-01,504.3,351089
AT-92001-19241,2017-01-01,319.3,348307
AT-92001-19174,2017-01-01,471.6,338691
AT-92001-19183,2017-01-01,327.3,337397
AT-92001-19036/11,2017-01-01,455.2,325966
AT-92001-18196,2017-01-01,533.5,311195
AT-92001-19012,2017-01-01,336.8,305158
AT-92001-19172,2017-01-01,428.7,301829
AT-92001-19242,2017-01-01,473.2,269217
AT-92001-19194/1,2017-01-01,401.3,264576
AT-92001-19044,2017-01-01,315.6,254405
AT-92001-19016/1,2017-01-01,338.0,251356
AT-92001-19218/1,2017-01-01,123.8,250758
AT-92001-19042,2017-01-01,314.2,246233
AT-92001-19199,2017-01-01,595.2,245884
AT-92001-19197/1,2017-01-01,305.5,232316
AT-92001-19254,2017-01-01,428.6,223373
AT-92001-15608/1,2017-01-01,458.6,215867
AT-92001-19127,2017-01-01,561.9,198190
AT-92001-19195,2017-01-01,707.4,197623
AT-92001-18630,2017-01-01,629.3,197476
AT-92001-19016/2,2017-01-01,350.3,195368
AT-92001-19237,2017-01-01,481.9,191435
AT-92001-19196/1,2017-01-01,640.4,190475
AT-92001-19162/2,2017-01-01,282.0,186741
AT-92001-19184,2017-01-01,75.9,186580
AT-92001-14011/1,2017-01-01,518.5,181110
AT-92001-17270/1,2017-01-01,638.1,179237
AT-92001-16836/1,2017-01-01,668.1,175757
AT-92001-19141/2,2017-01-01,251.7,166066
AT-92001-18194,2017-01-01,496.9,155502
AT-92001-18614/1,2017-01-01,326.3,150680
AT-92001-20103/2,2017-01-01,505.4,147384
AT-92001-19132,2017-01-01,485.6,146177
AT-92001-19247/3,2017-01-01,398.3,146166
AT-92001-15608/2,2017-01-01,435.5,144122
AT-92001-19246/1,2017-01-01,466.4,142499
AT-92001-19142,2017-01-01,28.1,142271
AT-92001-19244,2017-01-01,403.6,138857
AT-92001-19247/1,2017-01-01,644.4,136710
AT-92001-19122/2,2017-01-01,350.2,130665
AT-92001-19014,2017-01-01,359.3,130254
AT-92001-20190,2017-01-01,323.8,126791
AT-92001-19129,2017-01-01,616.1,123761
AT-92001-19205,2017-01-01,435.9,120908
AT-92001-15372,2017-01-01,990.0,114182
AT-92001-19246/2,2017-01-01,706.1,113106
AT-92001-19203/2,2017-01-01,512.9,112861
AT-92001-19169,2017-01-01,411.9,111244
AT-92001-19227,2017-01-01,541.6,107157
AT-92001-17718/2,2017-01-01,345.8,105665
AT-92001-18352,2017-01-01,537.3,102067
AT-92001-19246/3,2017-01-01,499.4,100868
AT-92001-19191,2017-01-01,666.0,99494
AT-92001-19186,2017-01-01,321.2,99351
AT-92001-19181,2017-01-01,212.8,98143
AT-92001-19138,2017-01-01,567.8,97982
AT-92001-19146,2017-01-01,251.5,96300
AT-92001-19179,2017-01-01,479.5,95944
AT-92001-19141/1,2017-01-01,76.8,93098
AT-92001-19246/5,2017-01-01,640.0,87598
AT-92001-19176,2017-01-01,528.8,86636
AT-92001-19212,2017-01-01,507.2,86153
AT-92001-19020,2017-01-01,274.1,83710
AT-92001-1159/1,2017-01-01,371.2,83381
AT-92001-19219/1,2017-01-01,443.8,82054
AT-92001-19226,2017-01-01,333.2,81585
AT-92001-14016/1,2017-01-01,818.0,79843
AT-92001-17660,2017-01-01,490.6,77891
AT-92001-19027/3,2017-01-01,390.3,74912
AT-92001-19023,2017-01-01,276.8,74330
AT-92001-18555/7,2017-01-01,650.1,73834
AT-92001-19251,2017-01-01,215.1,73043
AT-92001-19219/2,2017-01-01,361.6,71548
AT-92001-18526,2017-01-01,378.6,68984
AT-92001-19246/6,2017-01-01,525.7,68744
AT-92001-9227,2017-01-01,402.4,68328
AT-92001-19035,2017-01-01,349.3,68060
AT-92001-17371/1,2017-01-01,574.3,67394
AT-92001-19122/3,2017-01-01,269.0,66559
AT-92001-17639,2017-01-01,319.4,65777
AT-92001-19122/4,2017-01-01,352.2,63962
AT-92001-19036/12,2017-01-01,324.0,63661
AT-92001-13801/1,2017-01-01,402.3,63400
AT-92001-19233,2017-01-01,502.9,63078
AT-92001-19027/2,2017-01-01,284.6,62614
AT-92001-17718/1,2017-01-01,438.0,61293
AT-92001-15394,2017-01-01,648.2,61212
AT-92001-19246/4,2017-01-01,473.5,60495
AT-92001-19013,2017-01-01,382.1,60193
AT-92001-18633/1,2017-01-01,549.7,59206
AT-92001-19213,2017-01-01,409.6,58873
AT-92001-19124,2017-01-01,348.7,58028
AT-92001-14010/2,2017-01-01,509.9,56768
AT-92001-18193,2017-01-01,778.1,56454
AT-92001-19134,2017-01-01,496.8,56217
AT-92001-12692/1,2017-01-01,577.9,56170
AT-92001-1175,2017-01-01,427.9,55886
AT-92001-18341/1,2017-01-01,581.6,55054
AT-92001-20204,2017-01-01,332.7,54556
AT-92001-19204,2017-01-01,702.0,54346
AT-92001-19225,2017-01-01,447.5,52336
AT-92001-19247/5,2017-01-01,539.2,51895
AT-92001-19234,2017-01-01,375.7,50908
AT-92001-11768,2017-01-01,727.3,50484
AT-92001-15327,2017-01-01,826.0,50219
AT-92001-1161/2,2017-01-01,428.5,49422
AT-92001-19207,2017-01-01,305.8,49057
AT-92001-19079/2,2017-01-01,331.5,47716
AT-92001-18789/2,2017-01-01,743.4,47544
AT-92001-17666,2017-01-01,508.7,47344
AT-92001-20194,2017-01-01,379.0,46724
AT-92001-11669/1,2017-01-01,947.9,46526
AT-92001-18614/3,2017-01-01,349.2,46090
AT-92001-17712/3,2017-01-01,415.2,46037
AT-92001-15608/5,2017-01-01,449.2,45772
AT-92001-18834,2017-01-01,414.7,45672
AT-92001-15459,2017-01-01,605.4,44715
AT-92001-15483,2017-01-01,744.3,44500
AT-92001-19192,2017-01-01,469.8,43821
AT-92001-18734/1,2017-01-01,437.8,43729
AT-92001-18747,2017-01-01,660.7,42322
AT-92001-18720,2017-01-01,795.0,41919
AT-92001-18351,2017-01-01,508.1,41702
AT-92001-14011/8,2017-01-01,457.1,41599
AT-92001-18613/2,2017-01-01,864.5,41023
AT-92001-18732/1,2017-01-01,612.6,40603
AT-92001-12858,2017-01-01,842.9,40509
AT-92001-18741/1,2017-01-01,307.8,39759
AT-92001-18374,2017-01-01,417.8,39591
AT-92001-18637,2017-01-01,819.7,39552
AT-92001-13768/2,2017-01-01,839.1,39548
AT-92001-12930/1,2017-01-01,471.6,39537
AT-92001-7918,2017-01-01,966.9,39341
AT-92001-12451/11,2017-01-01,125.4,39300
AT-92001-13188/1,2017-01-01,602.1,39215
AT-92001-19018,2017-01-01,280.4,38890
AT-92001-19238,2017-01-01,363.6,38651
AT-92001-17707,2017-01-01,840.8,38231
AT-92001-16654/2,2017-01-01,917.4,37932
AT-92001-19029,2017-01-01,424.5,37767
AT-92001-20252,2017-01-01,420.0,37542
AT-92001-16708,2017-01-01,431.5,37491
AT-92001-14010/5,2017-01-01,529.9,37254
AT-92001-13725,2017-01-01,587.6,36363
AT-92001-18201,2017-01-01,833.8,35690
AT-92001-20013/1,2017-01-01,217.3,35418
AT-92001-18898,2017-01-01,299.7,35368
AT-92001-16878/1,2017-01-01,690.3,35202
AT-92001-12451/10,2017-01-01,190.2,35148
AT-92001-19036/9,2017-01-01,362.1,35139
AT-92001-19016/11,2017-01-01,490.2,34709
AT-92001-17661,2017-01-01,243.6,34570
AT-92001-12451/1,2017-01-01,622.3,33969
AT-92001-19133,2017-01-01,593.9,33820
AT-92001-13768/1,2017-01-01,765.8,33715
AT-92001-19197/2,2017-01-01,338.4,33645
AT-92001-17519,2017-01-01,618.5,33573
AT-92001-18739/2,2017-01-01,565.0,33368
AT-92001-19206,2017-01-01,495.2,33358
AT-92001-11668,2017-01-01,678.4,33245
AT-92001-19017,2017-01-01,326.7,33152
AT-92001-16730,2017-01-01,406.4,33147
AT-92001-13797/1,2017-01-01,489.6,33141
AT-92001-11568,2017-01-01,629.5,33105
AT-92001-17712/1,2017-01-01,386.5,33002
AT-92001-17699,2017-01-01,940.6,32936
AT-92001-17719,2017-01-01,224.1,32895
AT-92001-14017,2017-01-01,712.7,32853
AT-92001-13516/1,2017-01-01,430.1,32255
AT-92001-18666,2017-01-01,487.5,32092
AT-92001-19139,2017-01-01,698.9,31793
AT-92001-1039/3,2017-01-01,288.5,31765
AT-92001-17653,2017-01-01,251.5,31589
AT-92001-19037,2017-01-01,320.9,31403
AT-92001-13638,2017-01-01,157.0,31252
AT-92001-15486/1,2017-01-01,514.9,31233
AT-92001-19079/1,2017-01-01,287.1,31131
AT-92001-1177/4,2017-01-01,395.1,31043
AT-92001-15802,2017-01-01,547.6,30986
AT-92001-13637,2017-01-01,347.4,30934
AT-92001-1042/3,2017-01-01,203.3,30858
AT-92001-15608/3,2017-01-01,414.0,30830
AT-92001-13716,2017-01-01,315.1,30771
AT-92001-17275,2017-01-01,541.4,30733
AT-92001-13087/1,2017-01-01,565.8,30697
AT-92001-18613/4,2017-01-01,593.5,30697
AT-92001-18739/1,2017-01-01,395.3,30625
AT-92001-18287/1,2017-01-01,782.0,30417
AT-92001-15482,2017-01-01,710.8,30410
AT-92001-18776,2017-01-01,857.5,30383
AT-92001-17093/1,2017-01-01,1008.1,30373
AT-92001-18742,2017-01-01,281.6,30371
AT-92001-15490,2017-01-01,597.7,30326
AT-92001-13735,2017-01-01,469.9,30054
AT-92001-19210,2017-01-01,376.0,29879
AT-92001-12973,2017-01-01,687.8,29759
AT-92001-18631/1,2017-01-01,617.9,29731
AT-92001-18629,2017-01-01,765.4,29579
AT-92001-19149,2017-01-01,647.5,29572
AT-92001-11749,2017-01-01,556.7,29474
AT-92001-11681,2017-01-01,721.9,29425
AT-92001-15470,2017-01-01,609.5,29399
AT-92001-13209,2017-01-01,554.1,29331
AT-92001-13183/1,2017-01-01,391.9,29068
AT-92001-15441,2017-01-01,553.7,29009
AT-92001-12686/1,2017-01-01,373.6,28896
AT-92001-12983,2017-01-01,535.5,28688
AT-92001-12884/1,2017-01-01,589.9,28585
AT-92001-14010/1,2017-01-01,696.4,28238
AT-92001-15495,2017-01-01,600.8,28201
AT-92001-1159/2,2017-01-01,490.4,28167
AT-92001-13541,2017-01-01,603.2,28115
AT-92001-15501,2017-01-01,466.8,28097
AT-92001-17718/3,2017-01-01,537.6,27951
AT-92001-17676,2017-01-01,746.6,27818
AT-92001-20386/1,2017-01-01,309.2,27653
AT-92001-17272/4,2017-01-01,482.4,27511
AT-92001-19153/3,2017-01-01,392.8,27371
AT-92001-13794,2017-01-01,659.1,27241
AT-92001-13206/1,2017-01-01,462.7,26986
AT-92001-10279,2017-01-01,296.5,26785
AT-92001-19016/6,2017-01-01,338.8,26777
AT-92001-13068,2017-01-01,388.7,26768
AT-92001-17461,2017-01-01,468.4,26663
AT-92001-15608/6,2017-01-01,356.4,26656
AT-92001-18438,2017-01-01,554.5,26520
AT-92001-14950,2017-01-01,378.2,26483
AT-92001-19047,2017-01-01,521.7,26459
AT-92001-19031,2017-01-01,275.0,26162
AT-92001-18726,2017-01-01,510.5,25930
AT-92001-15502,2017-01-01,633.0,25894
AT-92001-19136,2017-01-01,564.5,25640
AT-92001-19072,2017-01-01,493.5,25456
AT-92001-11682/1,2017-01-01,903.5,25371
AT-92001-19040,2017-01-01,419.5,25370
AT-92001-18350,2017-01-01,579.4,25357
AT-92001-18443,2017-01-01,562.1,25255
AT-92001-19249,2017-01-01,334.0,25054
AT-92001-18815,2017-01-01,304.7,24920
AT-92001-11666/1,2017-01-01,759.6,24879
AT-92001-18930,2017-01-01,523.3,24781
AT-92001-20004/1,2017-01-01,233.7,24712
AT-92001-19178,2017-01-01,560.2,24704
AT-92001-17270/2,2017-01-01,601.9,24683
AT-92001-18796/4,2017-01-01,581.2,24653
AT-92001-20189,2017-01-01,635.7,24641
AT-92001-17282,2017-01-01,795.0,24597
AT-92001-19128,2017-01-01,657.4,24593
AT-92001-1177/1,2017-01-01,428.2,24416
AT-92001-18407,2017-01-01,775.5,24347
AT-92001-18736,2017-01-01,815.2,24322
AT-92001-2802/9,2017-01-01,297.8,24272
AT-92001-17591/1,2017-01-01,876.1,24262
AT-92001-17501,2017-01-01,685.0,24155
AT-92001-13642,2017-01-01,154.5,24126
AT-92001-8037,2017-01-01,923.8,24075
AT-92001-17670,2017-01-01,446.5,24028
AT-92001-18439,2017-01-01,441.9,23996
AT-92001-4969,2017-01-01,129.8,23952
AT-92001-3514,2017-01-01,0.0,23925
AT-92001-13250,2017-01-01,417.2,23911
AT-92001-18692,2017-01-01,408.6,23829
AT-92001-16802,2017-01-01,903.8,23688
AT-92001-12987,2017-01-01,531.6,23561
AT-92001-18627,2017-01-01,449.1,23540
AT-92001-18634,2017-01-01,508.2,23531
AT-92001-13413,2017-01-01,600.4,23519
AT-92001-17659,2017-01-01,144.2,23478
AT-92001-13752,2017-01-01,544.1,23477
AT-92001-18636,2017-01-01,914.5,23413
AT-92001-19123/2,2017-01-01,438.1,23387
AT-92001-18756,2017-01-01,689.0,23254
AT-92001-13803/1,2017-01-01,190.0,23242
AT-92001-13622/2,2017-01-01,173.3,23178
AT-92001-19229,2017-01-01,533.3,23014
AT-92001-13056,2017-01-01,363.4,22821
AT-92001-19082,2017-01-01,479.8,22803
AT-92001-17709,2017-01-01,713.8,22750
AT-92001-12755/1,2017-01-01,568.6,22733
AT-92001-18743,2017-01-01,533.5,22718
AT-92001-13622/1,2017-01-01,413.3,22715
AT-92001-16665,2017-01-01,908.1,22687
AT-92001-17509,2017-01-01,408.1,22639
AT-92001-16722,2017-01-01,595.6,22614
AT-92001-18156,2017-01-01,1038.9,22604
AT-92001-19148,2017-01-01,120.3,22596
AT-92001-19221,2017-01-01,442.1,22553
AT-92001-13688,2017-01-01,292.8,22435
AT-92001-13203/2,2017-01-01,716.3,22111
AT-92001-19180,2017-01-01,300.6,22067
AT-92001-17522,2017-01-01,509.0,22041
AT-92001-11762,2017-01-01,685.9,21805
AT-92001-7344/3,2017-01-01,659.2,21758
AT-92001-18928,2017-01-01,175.7,21753
AT-92001-18796/1,2017-01-01,301.1,21727
AT-92001-18454,2017-01-01,527.3,21558
AT-92001-16837,2017-01-01,527.6,21553
AT-92001-15505,2017-01-01,501.8,21521
AT-92001-17315,2017-01-01,971.7,21506
AT-92001-14427,2017-01-01,1144.7,21472
AT-92001-17590,2017-01-01,790.6,21446
AT-92001-18614/2,2017-01-01,324.7,21389
AT-92001-19024,2017-01-01,556.4,21385
AT-92001-13001,2017-01-01,671.0,21322
AT-92001-12886/1,2017-01-01,657.3,21287
AT-92001-19240/1,2017-01-01,220.1,21239
AT-92001-8026/1,2017-01-01,367.2,21197
AT-92001-17482,2017-01-01,438.0,21170
AT-92001-12615,2017-01-01,536.6,21169
AT-92001-20200/2,2017-01-01,501.1,21112
AT-92001-17567,2017-01-01,420.2,21028
AT-92001-15457/2,2017-01-01,466.1,20904
AT-92001-18420/4,2017-01-01,490.7,20887
AT-92001-18896,2017-01-01,150.0,20817
AT-92001-18555/4,2017-01-01,348.3,20766
AT-92001-12092,2017-01-01,489.7,20699
AT-92001-18613/1,2017-01-01,369.4,20683
AT-92001-17717,2017-01-01,339.9,20627
AT-92001-18750,2017-01-01,691.3,20581
AT-92001-15519,2017-01-01,495.8,20468
AT-92001-15128,2017-01-01,996.0,20355
AT-92001-17591/2,2017-01-01,727.8,20222
AT-92001-19164/1,2017-01-01,375.9,20189
AT-92001-17921,2017-01-01,435.7,20186
AT-92001-11667/1,2017-01-01,756.1,20150
AT-92001-12900/1,2017-01-01,573.5,20150
AT-92001-18621,2017-01-01,837.2,20032
AT-92001-13614/1,2017-01-01,429.4,19997
AT-92001-18828/5,2017-01-01,619.8,19908
AT-92001-19171,2017-01-01,228.6,19854
AT-92001-14007,2017-01-01,122.4,19833
AT-92001-19054,2017-01-01,898.5,19801
AT-92001-16695,2017-01-01,393.5,19751
AT-92001-18733,2017-01-01,675.0,19728
AT-92001-18303,2017-01-01,869.2,19634
AT-92001-15533/2,2017-01-01,835.6,19592
AT-92001-13107/1,2017-01-01,577.7,19574
AT-92001-12100/1,2017-01-01,460.1,19560
AT-92001-19137,2017-01-01,532.2,19483
AT-92001-18832/2,2017-01-01,381.2,19432
AT-92001-19196/4,2017-01-01,310.0,19398
AT-92001-11764,2017-01-01,585.2,19393
AT-92001-10478,2017-01-01,132.9,19371
AT-92001-18522,2017-01-01,711.7,19315
AT-92001-19048,2017-01-01,293.1,19276
AT-92001-18729/1,2017-01-01,500.1,19220
AT-92001-7358,2017-01-01,94.5,19216
AT-92001-15486/2,2017-01-01,578.2,19200
AT-92001-13029,2017-01-01,840.9,19192
AT-92001-4917,2017-01-01,600.2,19127
AT-92001-12877,2017-01-01,772.2,19096
AT-92001-18833/2,2017-01-01,426.7,19090
AT-92001-12871/2,2017-01-01,685.5,19066
AT-92001-13848,2017-01-01,99.3,19057
AT-92001-18202,2017-01-01,853.8,19026
AT-92001-19160/3,2017-01-01,425.4,19013
AT-92001-18534,2017-01-01,638.9,18933
AT-92001-19038,2017-01-01,461.0,18930
AT-92001-13809/2,2017-01-01,72.2,18922
AT-92001-17276,2017-01-01,297.4,18862
AT-92001-18999,2017-01-01,492.4,18840
AT-92001-7497/1,2017-01-01,743.0,18788
AT-92001-19196/2,2017-01-01,332.0,18772
AT-92001-18729/2,2017-01-01,425.9,18760
AT-92001-19045,2017-01-01,352.0,18716
AT-92001-18893,2017-01-01,463.7,18650
AT-92001-16845,2017-01-01,664.9,18603
AT-92001-13171,2017-01-01,619.4,18578
AT-92001-12453/1,2017-01-01,185.1,18535
AT-92001-15487,2017-01-01,351.5,18528
AT-92001-12256,2017-01-01,690.0,18444
AT-92001-18778,2017-01-01,928.7,18404
AT-92001-1024/1,2017-01-01,356.2,18265
AT-92001-13767,2017-01-01,488.7,18247
AT-92001-13302,2017-01-01,909.1,18210
AT-92001-14008/1,2017-01-01,413.6,18203
AT-92001-20195,2017-01-01,463.7,18183
AT-92001-19130,2017-01-01,420.3,18168
AT-92001-19030,2017-01-01,412.8,18074
AT-92001-14810/4,2017-01-01,489.0,18071
AT-92001-15431,2017-01-01,747.2,18059
AT-92001-17692,2017-01-01,444.3,18059
AT-92001-9185/1,2017-01-01,425.8,18057
AT-92001-19081/1,2017-01-01,420.9,17996
AT-92001-1067/4,2017-01-01,412.2,17967
AT-92001-15478,2017-01-01,625.3,17961
AT-92001-11759/1,2017-01-01,719.4,17954
AT-92001-12451/9,2017-01-01,933.2,17945
AT-92001-18764,2017-01-01,635.2,17938
AT-92001-17151,2017-01-01,457.6,17897
AT-92001-12568,2017-01-01,947.3,17887
AT-92001-20669/1,2017-01-01,0.0,17885
AT-92001-18614/6,2017-01-01,352.8,17822
AT-92001-12867,2017-01-01,471.1,17790
AT-92001-18349,2017-01-01,705.8,17782
AT-92001-18469,2017-01-01,392.4,17775
AT-92001-19015/1,2017-01-01,455.1,17726
AT-92001-17285,2017-01-01,1061.9,17598
AT-92001-16889,2017-01-01,570.0,17595
AT-92001-3927,2017-01-01,0.0,17563
AT-92001-18691/1,2017-01-01,590.7,17518
AT-92001-13102/1,2017-01-01,455.5,17499
AT-92001-18294/1,2017-01-01,793.7,17454
AT-92001-16738/1,2017-01-01,245.4,17417
AT-92001-13041,2017-01-01,688.8,17406
AT-92001-13780,2017-01-01,573.7,17370
AT-92001-13989/1,2017-01-01,199.9,17352
AT-92001-18441,2017-01-01,709.8,17334
AT-92001-18982,2017-01-01,428.9,17329
AT-92001-17524,2017-01-01,546.1,17324
AT-92001-17368/2,2017-01-01,452.0,17305
AT-92001-19161,2017-01-01,393.8,17289
AT-92001-19150,2017-01-01,526.0,17213
AT-92001-12837,2017-01-01,662.0,17203
AT-92001-16449,2017-01-01,719.3,17176
AT-92001-1161/4,2017-01-01,522.3,17128
AT-92001-17646/1,2017-01-01,207.7,17099
AT-92001-17598/2,2017-01-01,214.2,17065
AT-92001-11788,2017-01-01,729.0,17060
AT-92001-2802/2,2017-01-01,322.9,17043
AT-92001-17710,2017-01-01,532.3,17038
AT-92001-15130,2017-01-01,650.4,16975
AT-92001-15608/12,2017-01-01,498.7,16942
AT-92001-16763/1,2017-01-01,435.2,16936
AT-92001-15150/1,2017-01-01,431.4,16933
AT-92001-13459/1,2017-01-01,641.5,16925
AT-92001-11779,2017-01-01,431.7,16882
AT-92001-1172/2,2017-01-01,479.4,16780
AT-92001-19245,2017-01-01,258.3,16770
AT-92001-13818,2017-01-01,112.8,16720
AT-92001-18828/1,2017-01-01,174.0,16690
AT-92001-13167,2017-01-01,215.0,16557
AT-92001-21234,2017-01-01,580.5,16546
AT-92001-13989/2,2017-01-01,97.8,16528
AT-92001-11712/1,2017-01-01,369.6,16452
AT-92001-20126,2017-01-01,446.1,16408
AT-92001-12806,2017-01-01,599.0,16395
AT-92001-13567/1,2017-01-01,362.0,16353
AT-92001-12619/1,2017-01-01,451.8,16351
AT-92001-17708,2017-01-01,518.2,16350
AT-92001-17633,2017-01-01,564.9,16336
AT-92001-18519,2017-01-01,598.5,16328
AT-92001-18721,2017-01-01,821.5,16317
AT-92001-17331,2017-01-01,629.1,16276
AT-92001-18725,2017-01-01,634.8,16235
AT-92001-15377,2017-01-01,883.8,16210
AT-92001-12617/3,2017-01-01,768.7,16205
AT-92001-13232,2017-01-01,516.9,16174
AT-92001-17355/1,2017-01-01,912.6,16159
AT-92001-14011/3,2017-01-01,396.6,16136
AT-92001-18231,2017-01-01,720.5,16095
AT-92001-19046,2017-01-01,424.9,16080
AT-92001-19668/2,2017-01-01,382.4,16063
AT-92001-15499,2017-01-01,821.5,16014
AT-92001-18406,2017-01-01,928.0,15946
AT-92001-18525,2017-01-01,866.5,15929
AT-92001-12619/3,2017-01-01,576.2,15927
AT-92001-15369,2017-01-01,654.8,15918
AT-92001-17289/1,2017-01-01,879.6,15901
AT-92001-13751,2017-01-01,230.7,15692
AT-92001-18620,2017-01-01,699.2,15690
AT-92001-18623,2017-01-01,712.6,15664
AT-92001-1172/1,2017-01-01,458.0,15657
AT-92001-18828/6,2017-01-01,422.9,15608
AT-92001-17553,2017-01-01,465.5,15605
AT-92001-20013/7,2017-01-01,317.8,15596
AT-92001-1048/5,2017-01-01,148.8,15585
AT-92001-19033,2017-01-01,149.5,15563
AT-92001-13779,2017-01-01,519.5,15555
AT-92001-15336,2017-01-01,988.1,15514
AT-92001-15498,2017-01-01,697.9,15483
AT-92001-13795/1,2017-01-01,708.7,15478
AT-92001-18555/3,2017-01-01,343.9,15467
AT-92001-18555/2,2017-01-01,319.8,15394
AT-92001-18619,2017-01-01,537.6,15390
AT-92001-18669/1,2017-01-01,658.2,15381
AT-92001-18724,2017-01-01,627.4,15332
AT-92001-12433/1,2017-01-01,367.6,15322
AT-92001-11670/1,2017-01-01,574.3,15321
AT-92001-15443/1,2017-01-01,175.8,15310
AT-92001-9174/2,2017-01-01,631.0,15288
AT-92001-12790,2017-01-01,439.6,15286
AT-92001-11682/2,2017-01-01,823.3,15258
AT-92001-13067,2017-01-01,382.6,15258
AT-92001-19219/3,2017-01-01,441.2,15240
AT-92001-14010/3,2017-01-01,636.5,15237
AT-92001-13658,2017-01-01,825.4,15234
AT-92001-18755,2017-01-01,481.9,15232
AT-92001-18735,2017-01-01,395.0,15207
AT-92001-13670,2017-01-01,551.2,15203
AT-92001-18810,2017-01-01,819.6,15197
AT-92001-17929,2017-01-01,818.8,15165
AT-92001-17181,2017-01-01,679.3,15134
AT-92001-13654,2017-01-01,167.6,15071
AT-92001-18751,2017-01-01,534.5,15001
AT-92001-10728,2017-01-01,0.0,15000
AT-92001-19948,2017-01-01,720.7,14972
AT-92001-15457/1,2017-01-01,422.6,14860
AT-92001-13809/1,2017-01-01,287.4,14816
AT-92001-15361,2017-01-01,562.3,14794
AT-92001-17091/1,2017-01-01,682.2,14777
AT-92001-19016/9,2017-01-01,305.5,14743
AT-92001-12914/1,2017-01-01,486.2,14728
AT-92001-17295,2017-01-01,690.6,14712
AT-92001-18868,2017-01-01,258.7,14677
AT-92001-19068/1,2017-01-01,333.5,14671
AT-92001-13211,2017-01-01,685.7,14663
AT-92001-13223,2017-01-01,813.9,14653
AT-92001-17749/2,2017-01-01,666.4,14628
AT-92001-17309,2017-01-01,970.2,14594
AT-92001-9048,2017-01-01,500.4,14565
AT-92001-17280,2017-01-01,723.1,14555
AT-92001-12801/1,2017-01-01,775.3,14420
AT-92001-19073/2,2017-01-01,523.1,14410
AT-92001-18276,2017-01-01,534.9,14409
AT-92001-18387,2017-01-01,217.2,14400
AT-92001-20387/1,2017-01-01,475.1,14400
AT-92001-12980,2017-01-01,627.1,14372
AT-92001-13599,2017-01-01,695.6,14341
AT-92001-18921,2017-01-01,459.8,14320
AT-92001-18483,2017-01-01,761.6,14320
AT-92001-18615,2017-01-01,334.2,14317
AT-92001-15453,2017-01-01,901.4,14305
AT-92001-17462,2017-01-01,652.5,14294
AT-92001-18338,2017-01-01,716.4,14271
AT-92001-13810,2017-01-01,655.5,14248
AT-92001-13521/2,2017-01-01,754.8,14243
AT-92001-17535,2017-01-01,486.9,14228
AT-92001-18874/2,2017-01-01,514.5,14219
AT-92001-13468,2017-01-01,905.1,14214
AT-92001-19083,2017-01-01,414.8,14207
AT-92001-13389,2017-01-01,772.2,14184
AT-92001-12005,2017-01-01,395.7,14181
AT-92001-18950,2017-01-01,727.5,14169
AT-92001-13849,2017-01-01,190.8,14165
AT-92001-19032,2017-01-01,307.4,14132
AT-92001-12825,2017-01-01,775.0,14096
AT-92001-19034,2017-01-01,342.3,14086
AT-92001-18386,2017-01-01,440.5,14083
AT-92001-18402/1,2017-01-01,763.6,14057
AT-92001-18798,2017-01-01,560.6,14046
AT-92001-18616/2,2017-01-01,341.3,14040
AT-92001-18295,2017-01-01,1033.9,14028
AT-92001-16691,2017-01-01,308.3,14009
AT-92001-11876,2017-01-01,772.0,13971
AT-92001-17362,2017-01-01,558.0,13967
AT-92001-18518,2017-01-01,754.6,13962
AT-92001-19074,2017-01-01,273.8,13954
AT-92001-14008/2,2017-01-01,167.2,13943
AT-92001-18646,2017-01-01,549.0,13933
AT-92001-13675,2017-01-01,301.7,13927
AT-92001-18890,2017-01-01,298.8,13860
AT-92001-17669,2017-01-01,436.4,13817
AT-92001-20051/2,2017-01-01,442.6,13797
AT-92001-20192,2017-01-01,282.0,13796
AT-92001-15328,2017-01-01,680.1,13788
AT-92001-19235,2017-01-01,518.0,13772
AT-92001-14778/5,2017-01-01,549.0,13748
AT-92001-14031/1,2017-01-01,1102.1,13732
AT-92001-17092/1,2017-01-01,535.3,13723
AT-92001-18198,2017-01-01,299.9,13716
AT-92001-11921,2017-01-01,868.6,13708
AT-92001-15500,2017-01-01,557.4,13690
AT-92001-19194/2,2017-01-01,209.1,13689
AT-92001-17078/1,2017-01-01,428.1,13671
AT-92001-13037,2017-01-01,684.6,13668
AT-92001-17585,2017-01-01,733.8,13665
AT-92001-1166,2017-01-01,358.6,13643
AT-92001-11756/2,2017-01-01,720.7,13633
AT-92001-19164/2,2017-01-01,468.6,13612
AT-92001-19073/1,2017-01-01,459.1,13608
AT-92001-17720,2017-01-01,313.1,13608
AT-92001-14190/1,2017-01-01,881.7,13607
AT-92001-19049/1,2017-01-01,372.9,13604
AT-92001-17534,2017-01-01,527.2,13570
AT-92001-18444,2017-01-01,700.6,13564
AT-92001-17403,2017-01-01,889.1,13544
AT-92001-13736/3,2017-01-01,177.7,13508
AT-92001-1174/1,2017-01-01,621.3,13498
AT-92001-18920,2017-01-01,284.7,13487
AT-92001-18304,2017-01-01,836.6,13447
AT-92001-18816,2017-01-01,402.4,13412
AT-92001-17119,2017-01-01,589.0,13390
AT-92001-4874,2017-01-01,285.2,13374
AT-92001-13803/2,2017-01-01,315.3,13345
AT-92001-363,2017-01-01,771.2,13333
AT-92001-14116,2017-01-01,674.3,13329
AT-92001-18828/8,2017-01-01,368.8,13294
AT-92001-18508,2017-01-01,656.5,13264
AT-92001-7975/1,2017-01-01,382.5,13257
AT-92001-13566/1,2017-01-01,605.8,13243
AT-92001-18490,2017-01-01,536.4,13240
AT-92001-18795,2017-01-01,412.3,13210
AT-92001-12437/1,2017-01-01,545.9,13209
AT-92001-17571,2017-01-01,1011.5,13200
AT-92001-15402,2017-01-01,768.8,13183
AT-92001-18631/6,2017-01-01,599.8,13150
AT-92001-15405,2017-01-01,617.8,13149
AT-92001-18555/5,2017-01-01,320.3,13142
AT-92001-13998/1,2017-01-01,189.5,13130
AT-92001-3492,2017-01-01,0.0,13118
AT-92001-18744/1,2017-01-01,593.5,13031
AT-92001-15340,2017-01-01,991.7,13031
AT-92001-18437,2017-01-01,561.3,13021
AT-92001-17568,2017-01-01,561.7,13003
AT-92001-13651,2017-01-01,594.9,13000
AT-92001-13513,2017-01-01,475.2,12994
AT-92001-17677,2017-01-01,464.1,12993
AT-92001-11839/1,2017-01-01,333.9,12990
AT-92001-3493,2017-01-01,0.0,12971
AT-92001-13303/1,2017-01-01,716.2,12970
AT-92001-18203,2017-01-01,748.0,12966
AT-92001-3490,2017-01-01,0.0,12958
AT-92001-12886/2,2017-01-01,1044.9,12953
AT-92001-18452,2017-01-01,750.8,12947
AT-92001-14011/2,2017-01-01,368.5,12875
AT-92001-15471,2017-01-01,740.0,12867
AT-92001-12555,2017-01-01,819.4,12864
AT-92001-18828/4,2017-01-01,239.3,12864
AT-92001-17467,2017-01-01,489.7,12863
AT-92001-13643,2017-01-01,329.7,12847
AT-92001-12570,2017-01-01,799.8,12834
AT-92001-13567/2,2017-01-01,564.1,12772
AT-92001-18388,2017-01-01,259.5,12760
AT-92001-11776,2017-01-01,408.2,12750
AT-92001-18330,2017-01-01,577.5,12749
AT-92001-17538,2017-01-01,333.4,12732
AT-92001-13781,2017-01-01,561.3,12729
AT-92001-19009,2017-01-01,371.1,12705
AT-92001-13736/1,2017-01-01,523.8,12674
AT-92001-13681,2017-01-01,470.0,12661
AT-92001-19008,2017-01-01,489.5,12653
AT-92001-13736/2,2017-01-01,455.3,12649
AT-92001-19036/6,2017-01-01,280.7,12633
AT-92001-13653,2017-01-01,388.8,12622
AT-92001-16933,2017-01-01,691.6,12572
AT-92001-15608/4,2017-01-01,506.3,12568
AT-92001-18343/1,2017-01-01,474.9,12563
AT-92001-10247/2,2017-01-01,190.3,12527
AT-92001-16718,2017-01-01,531.2,12522
AT-92001-18616/1,2017-01-01,479.9,12509
AT-92001-12933/1,2017-01-01,493.7,12494
AT-92001-13317/1,2017-01-01,468.7,12487
AT-92001-17353/6,2017-01-01,424.7,12485
AT-92001-18401,2017-01-01,385.4,12467
AT-92001-11855,2017-01-01,507.1,12440
AT-92001-18400/1,2017-01-01,468.8,12439
AT-92001-13717,2017-01-01,785.1,12428
AT-92001-18761,2017-01-01,965.1,12417
AT-92001-15454/1,2017-01-01,819.5,12401
AT-92001-19067/1,2017-01-01,302.2,12374
AT-92001-11470/1,2017-01-01,907.5,12361
AT-92001-18693,2017-01-01,509.3,12356
AT-92001-19247/6,2017-01-01,365.6,12348
AT-92001-13753,2017-01-01,216.1,12299
AT-92001-18493,2017-01-01,490.5,12278
AT-92001-19066,2017-01-01,436.7,12266
AT-92001-16711,2017-01-01,273.1,12264
AT-92001-16801,2017-01-01,671.5,12261
AT-92001-17600,2017-01-01,549.9,12250
AT-92001-12882/2,2017-01-01,377.0,12230
AT-92001-18633/3,2017-01-01,529.6,12217
AT-92001-18531,2017-01-01,378.5,12182
AT-92001-17689,2017-01-01,757.8,12164
AT-92001-16682,2017-01-01,184.2,12136
AT-92001-13636/1,2017-01-01,238.0,12133
AT-92001-12575/1,2017-01-01,493.6,12131
AT-92001-13750,2017-01-01,133.5,12107
AT-92001-17272/1,2017-01-01,470.1,12102
AT-92001-15444,2017-01-01,459.6,12094
AT-92001-19065/1,2017-01-01,325.2,12091
AT-92001-13589,2017-01-01,230.6,12074
AT-92001-13644,2017-01-01,437.5,12065
AT-92001-19126,2017-01-01,597.3,12064
AT-92001-13521/4,2017-01-01,577.8,12061
AT-92001-12455/1,2017-01-01,662.1,12057
AT-92001-13536/1,2017-01-01,712.4,12055
AT-92001-15256,2017-01-01,897.0,12052
AT-92001-18146,2017-01-01,343.2,12040
AT-92001-13847,2017-01-01,83.4,12029
AT-92001-18323,2017-01-01,485.9,12009
AT-92001-12931/1,2017-01-01,562.1,12001
AT-92001-13645,2017-01-01,498.2,11999
AT-92001-5054,2017-01-01,462.5,11986
AT-92001-13024/1,2017-01-01,526.2,11972
AT-92001-19005,2017-01-01,267.3,11956
AT-92001-18346,2017-01-01,685.5,11940
AT-92001-17540,2017-01-01,598.0,11895
AT-92001-17539,2017-01-01,689.3,11887
AT-92001-18783/2,2017-01-01,682.4,11883
AT-92001-8030,2017-01-01,798.3,11881
AT-92001-18316,2017-01-01,802.0,11866
AT-92001-18614/4,2017-01-01,389.8,11863
AT-92001-17480,2017-01-01,604.1,11848
AT-92001-5676/1,2017-01-01,386.6,11829
AT-92001-18631/7,2017-01-01,530.2,11828
AT-92001-18704,2017-01-01,653.0,11810
AT-92001-13706,2017-01-01,739.3,11799
AT-92001-14922/4,2017-01-01,379.7,11799
AT-92001-13806,2017-01-01,157.4,11798
AT-92001-14922/5,2017-01-01,220.7,11788
AT-92001-14922/3,2017-01-01,425.8,11785
AT-92001-14922/2,2017-01-01,744.1,11779
AT-92001-8005,2017-01-01,345.1,11771
AT-92001-19043,2017-01-01,319.6,11768
AT-92001-11625,2017-01-01,310.4,11751
AT-92001-18817,2017-01-01,349.4,11725
AT-92001-17558,2017-01-01,616.1,11711
AT-92001-12876,2017-01-01,811.8,11684
AT-92001-18287/2,2017-01-01,546.1,11676
AT-92001-19022,2017-01-01,277.9,11674
AT-92001-18542,2017-01-01,488.3,11673
AT-92001-15254/1,2017-01-01,390.3,11668
AT-92001-18335,2017-01-01,750.7,11661
AT-92001-18800,2017-01-01,946.5,11660
AT-92001-7210,2017-01-01,736.5,11657
AT-92001-20536,2017-01-01,0.0,11649
AT-92001-12194,2017-01-01,394.4,11622
AT-92001-15261/1,2017-01-01,600.7,11620
AT-92001-12439/1,2017-01-01,524.1,11613
AT-92001-14778/2,2017-01-01,483.7,11576
AT-92001-18466,2017-01-01,765.4,11520
AT-92001-18385,2017-01-01,379.4,11516
AT-92001-17930,2017-01-01,870.1,11501
AT-92001-18828/7,2017-01-01,528.8,11500
AT-92001-19019,2017-01-01,394.4,11499
AT-92001-17314,2017-01-01,1049.6,11488
AT-92001-18555/6,2017-01-01,845.4,11484
AT-92001-13699,2017-01-01,315.1,11467
AT-92001-18728/1,2017-01-01,567.0,11445
AT-92001-16846/1,2017-01-01,933.0,11428
AT-92001-13727/2,2017-01-01,339.0,11404
AT-92001-13908,2017-01-01,568.2,11387
AT-92001-19125,2017-01-01,484.1,11381
AT-92001-13684,2017-01-01,912.7,11381
AT-92001-18300,2017-01-01,839.1,11369
AT-92001-16902/1,2017-01-01,589.1,11353
AT-92001-12420,2017-01-01,420.4,11339
AT-92001-13533,2017-01-01,650.4,11331
AT-92001-12871/1,2017-01-01,495.3,11325
AT-92001-19003/1,2017-01-01,198.6,11298
AT-92001-13569,2017-01-01,721.1,11295
AT-92001-17170/1,2017-01-01,443.6,11287
AT-92001-15475,2017-01-01,779.9,11281
AT-92001-15514,2017-01-01,462.1,11257
AT-92001-18881,2017-01-01,654.9,11255
AT-92001-3489,2017-01-01,0.0,11253
AT-92001-17878/1,2017-01-01,710.6,11247
AT-92001-13844,2017-01-01,82.6,11247
AT-92001-13567/3,2017-01-01,792.9,11238
AT-92001-19353/2,2017-01-01,789.7,11167
AT-92001-12585,2017-01-01,534.8,11161
AT-92001-13028/4,2017-01-01,666.2,11159
AT-92001-17405,2017-01-01,809.2,11147
AT-92001-16897,2017-01-01,918.3,11144
AT-92001-12060,2017-01-01,971.9,11132
AT-92001-18705,2017-01-01,800.2,11129
AT-92001-3256,2017-01-01,0.0,11110
AT-92001-11927,2017-01-01,539.6,11107
AT-92001-12173,2017-01-01,1140.2,11097
AT-92001-18353,2017-01-01,566.2,11082
AT-92001-16846/2,2017-01-01,936.6,11078
AT-92001-15588,2017-01-01,524.0,11025
AT-92001-17230,2017-01-01,336.9,11016
AT-92001-18535,2017-01-01,637.5,11014
AT-92001-18321,2017-01-01,791.4,11007
AT-92001-14817,2017-01-01,1002.6,10983
AT-92001-16847,2017-01-01,456.4,10965
AT-92001-16723,2017-01-01,728.1,10936
AT-92001-2802/5,2017-01-01,354.9,10935
AT-92001-16729/1,2017-01-01,411.0,10912
AT-92001-17273,2017-01-01,511.4,10900
AT-92001-9051/1,2017-01-01,629.9,10853
AT-92001-17213/1,2017-01-01,226.3,10838
AT-92001-13424,2017-01-01,331.7,10835
AT-92001-12913,2017-01-01,795.7,10823
AT-92001-17749/1,2017-01-01,827.5,10819
AT-92001-19165/2,2017-01-01,366.8,10802
AT-92001-17759,2017-01-01,796.6,10792
AT-92001-18459,2017-01-01,634.6,10781
AT-92001-13657,2017-01-01,688.5,10774
AT-92001-8027,2017-01-01,901.7,10767
AT-92001-16861/1,2017-01-01,658.3,10750
AT-92001-18796/3,2017-01-01,516.3,10738
AT-92001-17880,2017-01-01,707.4,10709
AT-92001-13668/2,2017-01-01,644.0,10686
AT-92001-12640,2017-01-01,681.2,10683
AT-92001-7309,2017-01-01,606.5,10642
AT-92001-18901/2,2017-01-01,641.5,10622
AT-92001-13911,2017-01-01,371.7,10615
AT-92001-13065/2,2017-01-01,437.9,10615
AT-92001-18765/3,2017-01-01,600.5,10614
AT-92001-15511,2017-01-01,513.0,10601
AT-92001-18205,2017-01-01,674.7,10599
AT-92001-16724,2017-01-01,811.9,10587
AT-92001-18838,2017-01-01,720.9,10583
AT-92001-17200/1,2017-01-01,661.9,10570
AT-92001-11794,2017-01-01,520.3,10553
AT-92001-13777,2017-01-01,917.6,10539
AT-92001-12823,2017-01-01,604.3,10532
AT-92001-11845,2017-01-01,890.2,10518
AT-92001-15346,2017-01-01,433.5,10509
AT-92001-9288,2017-01-01,374.7,10502
AT-92001-18717,2017-01-01,941.8,10494
AT-92001-13610,2017-01-01,391.5,10472
AT-92001-16675/1,2017-01-01,503.7,10451
AT-92001-13924,2017-01-01,670.9,10411
AT-92001-17574,2017-01-01,1107.3,10406
AT-92001-18622,2017-01-01,941.1,10402
AT-92001-18839,2017-01-01,871.7,10395
AT-92001-17551,2017-01-01,309.2,10370
AT-92001-18121,2017-01-01,1160.2,10368
AT-92001-18757,2017-01-01,1016.3,10359
AT-92001-18792,2017-01-01,452.2,10341
AT-92001-15491,2017-01-01,679.3,10341
AT-92001-18408/2,2017-01-01,247.1,10338
AT-92001-18614/5,2017-01-01,512.3,10334
AT-92001-15310/1,2017-01-01,650.0,10311
AT-92001-18835/2,2017-01-01,649.6,10306
AT-92001-17353/5,2017-01-01,741.3,10303
AT-92001-15625,2017-01-01,936.0,10296
AT-92001-18214/1,2017-01-01,650.4,10285
AT-92001-13987,2017-01-01,442.3,10274
AT-92001-18227,2017-01-01,779.9,10260
AT-92001-96,2017-01-01,359.5,10259
AT-92001-17748/1,2017-01-01,678.6,10254
AT-92001-3503,2017-01-01,564.2,10238
AT-92001-15292,2017-01-01,348.7,10231
AT-92001-18995,2017-01-01,537.7,10207
AT-92001-13471,2017-01-01,939.2,10203
AT-92001-18442,2017-01-01,825.2,10191
AT-92001-13566/3,2017-01-01,428.3,10189
AT-92001-18259,2017-01-01,1025.8,10188
AT-92001-19243,2017-01-01,406.7,10185
AT-92001-17711/1,2017-01-01,331.2,10179
AT-92001-18470,2017-01-01,840.7,10176
AT-92001-18234/2,2017-01-01,771.2,10169
AT-92001-15479,2017-01-01,554.4,10167
AT-92001-17191,2017-01-01,619.1,10164
AT-92001-19247/4,2017-01-01,508.3,10156
AT-92001-15464,2017-01-01,610.3,10155
AT-92001-18616/3,2017-01-01,465.2,10152
AT-92001-18242,2017-01-01,897.6,10114
AT-92001-17616,2017-01-01,780.7,10112
AT-92001-13510/1,2017-01-01,401.5,10102
AT-92001-18923,2017-01-01,535.2,10092
AT-92001-15325,2017-01-01,718.8,10088
AT-92001-18342,2017-01-01,628.2,10086
AT-92001-12447,2017-01-01,442.0,10078
AT-92001-17937,2017-01-01,780.1,10064
AT-92001-17059,2017-01-01,510.3,10059
AT-92001-13191,2017-01-01,673.1,10056
AT-92001-13875,2017-01-01,630.8,10031
AT-92001-12870,2017-01-01,887.4,10018
AT-92001-13766/2,2017-01-01,567.7,10018
AT-92001-17339,2017-01-01,779.7,10007
AT-92001-17821,2017-01-01,823.2,9995
AT-92001-18284,2017-01-01,528.1,9988
AT-92001-17680/2,2017-01-01,956.5,9977
AT-92001-15506,2017-01-01,473.9,9975
AT-92001-12862/1,2017-01-01,330.5,9967
AT-92001-17107/1,2017-01-01,213.7,9956
AT-92001-13845,2017-01-01,71.7,9955
AT-92001-14103/10,2017-01-01,603.8,9950
AT-92001-17570,2017-01-01,894.1,9938
AT-92001-12104,2017-01-01,1089.0,9926
AT-92001-18345,2017-01-01,664.7,9924
AT-92001-11799/1,2017-01-01,643.1,9903
AT-92001-18899,2017-01-01,317.1,9884
AT-92001-13676,2017-01-01,636.0,9873
AT-92001-17730,2017-01-01,170.1,9855
AT-92001-14948/1,2017-01-01,509.2,9833
AT-92001-13085/1,2017-01-01,905.4,9832
AT-92001-13226/1,2017-01-01,289.0,9829
AT-92001-11906/1,2017-01-01,485.8,9827
AT-92001-13522,2017-01-01,689.9,9825
AT-92001-12800,2017-01-01,532.7,9819
AT-92001-12933/2,2017-01-01,590.5,9819
AT-92001-13469/1,2017-01-01,703.1,9796
AT-92001-12186/2,2017-01-01,344.8,9783
AT-92001-17290,2017-01-01,314.5,9782
AT-92001-17928,2017-01-01,930.8,9778
AT-92001-16210/1,2017-01-01,361.7,9778
AT-92001-17686,2017-01-01,912.8,9774
AT-92001-3487,2017-01-01,0.0,9768
AT-92001-14828,2017-01-01,1046.2,9767
AT-92001-15403,2017-01-01,558.4,9764
AT-92001-17132/2,2017-01-01,539.6,9762
AT-92001-13655/1,2017-01-01,89.2,9753
AT-92001-18781,2017-01-01,746.2,9728
AT-92001-13108,2017-01-01,562.0,9723
AT-92001-12799/2,2017-01-01,821.9,9723
AT-92001-17256/2,2017-01-01,573.9,9723
AT-92001-17460,2017-01-01,643.2,9719
AT-92001-17353/3,2017-01-01,686.4,9715
AT-92001-14357/2,2017-01-01,675.5,9712
AT-92001-13729,2017-01-01,648.0,9704
AT-92001-12368,2017-01-01,560.5,9689
AT-92001-15381,2017-01-01,197.3,9670
AT-92001-17542,2017-01-01,472.1,9669
AT-92001-13066/1,2017-01-01,735.0,9667
AT-92001-18252/1,2017-01-01,684.3,9665
AT-92001-18723,2017-01-01,822.5,9654
AT-92001-18234/1,2017-01-01,607.7,9653
AT-92001-18837,2017-01-01,413.6,9642
AT-92001-7224,2017-01-01,717.7,9642
AT-92001-17575,2017-01-01,855.9,9641
AT-92001-18821,2017-01-01,264.2,9635
AT-92001-17588,2017-01-01,466.7,9631
AT-92001-13397,2017-01-01,879.8,9629
AT-92001-17481,2017-01-01,487.8,9628
AT-92001-18365,2017-01-01,902.3,9620
AT-92001-18777/2,2017-01-01,912.2,9613
AT-92001-15423,2017-01-01,1104.7,9609
AT-92001-18289/2,2017-01-01,827.1,9604
AT-92001-14031/2,2017-01-01,1273.5,9603
AT-92001-12178,2017-01-01,694.0,9598
AT-92001-12386,2017-01-01,746.8,9593
AT-92001-13521/3,2017-01-01,754.8,9593
AT-92001-19196/3,2017-01-01,188.3,9579
AT-92001-18870,2017-01-01,730.7,9569
AT-92001-7497/3,2017-01-01,642.8,9556
AT-92001-12000,2017-01-01,593.5,9546
AT-92001-422/2,2017-01-01,306.9,9545
AT-92001-13429,2017-01-01,243.6,9539
AT-92001-13300,2017-01-01,810.4,9530
AT-92001-13943,2017-01-01,753.4,9516
AT-92001-3488,2017-01-01,0.0,9498
AT-92001-18668/1,2017-01-01,502.8,9489
AT-92001-18801,2017-01-01,626.7,9487
AT-92001-18785,2017-01-01,1013.0,9486
AT-92001-13841,2017-01-01,78.6,9465
AT-92001-17734,2017-01-01,503.3,9462
AT-92001-12234,2017-01-01,822.3,9453
AT-92001-17714,2017-01-01,414.3,9437
AT-92001-18944,2017-01-01,587.5,9416
AT-92001-18788/1,2017-01-01,1030.4,9398
AT-92001-18248,2017-01-01,604.2,9378
AT-92001-15510,2017-01-01,350.2,9349
AT-92001-11693/2,2017-01-01,867.6,9341
AT-92001-18384,2017-01-01,854.7,9336
AT-92001-17343/1,2017-01-01,925.9,9332
AT-92001-13797/4,2017-01-01,460.3,9307
AT-92001-19050/1,2017-01-01,275.6,9287
AT-92001-17581,2017-01-01,1019.3,9277
AT-92001-12674/1,2017-01-01,392.8,9268
AT-92001-13225,2017-01-01,637.5,9258
AT-92001-19087,2017-01-01,588.9,9252
AT-92001-13705,2017-01-01,178.8,9252
AT-92001-12807,2017-01-01,401.9,9239
AT-92001-17912,2017-01-01,275.1,9238
AT-92001-18932,2017-01-01,484.3,9203
AT-92001-17417,2017-01-01,433.6,9202
AT-92001-12830/1,2017-01-01,469.4,9194
AT-92001-18828/3,2017-01-01,300.4,9192
AT-92001-13185,2017-01-01,0.0,9191
AT-92001-17311,2017-01-01,816.4,9190
AT-92001-8023/2,2017-01-01,708.3,9188
AT-92001-15305,2017-01-01,739.4,9162
AT-92001-12768,2017-01-01,425.3,9153
AT-92001-15075,2017-01-01,469.4,9145
AT-92001-18797,2017-01-01,268.4,9137
AT-92001-17149,2017-01-01,494.4,9137
AT-92001-17337,2017-01-01,642.5,9132
AT-92001-12251,2017-01-01,862.6,9119
AT-92001-13517,2017-01-01,810.4,9117